id,ticketNumber
109565000021983362,45601
109565000021982777,45600
109565000022045140,45599
109565000022156003,45598
109565000022154140,45597
109565000022012258,45556
109565000022000751,45554
109565000021953432,45596
109565000022153001,45594
109565000022154001,45595
109565000022145140,45593
109565000022047138,45591
109565000022000622,45546
109565000022107085,45592
109565000022021001,45496
109565000021801382,45441
109565000022000867,45559
109565000022145001,45590
109565000022012658,45587
109565000021982610,45589
109565000022018436,45588
109565000022136136,45586
109565000022043136,45551
109565000022065089,45563
109565000022050397,45570
109565000022011880,45585
109565000022021479,45577
109565000022136003,45581
109565000021982486,45584
109565000022067166,45583
109565000022050677,45582
109565000022011756,45580
109565000022012537,45579
109565000022011632,45578
109565000021981267,45509
109565000022135001,45576
109565000021982281,45567
109565000022050536,45575
109565000021232037,45105
109565000022050238,45564
109565000022040283,45548
109565000022124003,45574
109565000020058163,43474
109565000022014400,45573
109565000022020955,45572
109565000022012388,45571
109565000022081005,45569
109565000022038355,45568
109565000021939003,45466
109565000021953301,45566
109565000022067018,45565
109565000022032001,45505
109565000022014267,45562
109565000022044148,45561
109565000022040424,45560
109565000021998186,45558
109565000021983226,45557
109565000022043275,45555
109565000022050001,45553
109565000022020831,45552
109565000022013144,45550
109565000022010142,45549
109565000021999262,45536
109565000022047003,45547
109565000022046003,45545
109565000022045001,45544
109565000022030001,45503
109565000022031146,45540
109565000022044003,45543
109565000022043003,45542
109565000021953144,45541
109565000022011506,45539
109565000022017281,45538
109565000021992146,45537
109565000022000497,45535
109565000022041003,45534
109565000022028015,45533
109565000022006208,45532
109565000022037228,45531
109565000022020627,45530
109565000022040162,45529
109565000022040005,45528
109565000022038216,45527
109565000022017138,45526
109565000022011382,45525
109565000022038077,45524
109565000022037083,45523
109565000022018297,45522
109565000022020501,45521
109565000022020080,45507
109565000022031009,45517
109565000022000372,45520
109565000022036001,45519
109565000022020377,45518
109565000022018156,45516
109565000000720542,1363
109565000022020248,45515
109565000022011257,45514
109565000022004027,45513
109565000022035001,45512
109565000022032216,45511
109565000022014136,45510
109565000021979011,45474
109565000021982132,45508
109565000022000169,45506
109565000021985003,45476
109565000021998003,45479
109565000021269126,45129
109565000021981134,45504
109565000022019031,45500
109565000022021329,45502
109565000021841456,45447
109565000021999105,45501
109565000022021205,45499
109565000021974132,45490
109565000022012101,45494
109565000021987015,45498
109565000020800001,44801
109565000021619001,45315
109565000021312001,45128
109565000021713005,45360
109565000020675299,44779
109565000020727637,44887
109565000021885001,45442
109565000021887001,45443
109565000021827059,45453
109565000021817359,45455
109565000021983077,45473
109565000019199366,41742
109565000022017003,45491
109565000022016290,45497
109565000022018001,45492
109565000022011132,45495
109565000022011002,45493
109565000021494001,45258
109565000022016077,45489
109565000022013003,45486
109565000022014003,45488
109565000022005081,45487
109565000021991001,45477
109565000022010003,45484
109565000022000001,45480
109565000021982002,45483
109565000022006001,45482
109565000022003001,45481
109565000021916001,45460
109565000021926077,45461
109565000021992001,45478
109565000021980011,45475
109565000021981001,45472
109565000021977001,45471
109565000021976001,45470
109565000021974001,45469
109565000021953003,45468
109565000021943001,45467
109565000021938001,45465
109565000021928015,45464
109565000021931001,45463
109565000021927001,45462
109565000021817568,45459
109565000021870614,45458
109565000021866309,45457
109565000021781078,45456
109565000021780115,45454
109565000021895001,45451
109565000021832164,45452
109565000021892003,45450
109565000021889001,45445
109565000021802001,45410
109565000021870377,45449
109565000021866181,45448
109565000021795298,45446
109565000021396003,45192
109565000021888003,45444
109565000021864017,45436
109565000020990131,44937
109565000021883001,45440
109565000021284703,45213
109565000021355651,45356
109565000021193822,45108
109565000021870001,45435
109565000021873003,45439
109565000021804342,45438
109565000021870162,45437
109565000021506637,45358
109565000021680081,45347
109565000021869003,45434
109565000021868003,45433
109565000021789138,45407
109565000021817001,45412
109565000021837001,45416
109565000021788001,45405
109565000021795169,45432
109565000021396536,45262
109565000021795045,45431
109565000021841226,45430
109565000021866001,45429
109565000021788132,45427
109565000021801252,45428
109565000021817208,45426
109565000021325269,45393
109565000020493799,44389
109565000021860005,45425
109565000021843132,45424
109565000020997550,44965
109565000021651001,45332
109565000021854001,45423
109565000021853077,45422
109565000021732013,45385
109565000021850001,45421
109565000021841002,45420
109565000021846077,45419
109565000021843001,45418
109565000021832003,45415
109565000021831079,45414
109565000021823077,45413
109565000021804009,45411
109565000021801077,45409
109565000021797005,45408
109565000021424758,45357
109565000021789001,45406
109565000021344706,45402
109565000021755045,45400
109565000021768001,45404
109565000021764079,45403
109565000021640624,45401
109565000021330303,45281
109565000021465546,45305
109565000021319842,45322
109565000021284912,45304
109565000021739003,45384
109565000021508319,45399
109565000021564899,45398
109565000021495003,45259
109565000021564771,45397
109565000021713814,45396
109565000021496214,45395
109565000021620689,45394
109565000021713614,45392
109565000021620487,45391
109565000021330446,45390
109565000021741007,45389
109565000021494347,45388
109565000021743001,45387
109565000021742077,45386
109565000021520005,45276
109565000021713475,45376
109565000021564643,45383
109565000021620239,45370
109565000021488259,45382
109565000021731001,45377
109565000021409631,45381
109565000021409486,45380
109565000021640450,45368
109565000021728216,45379
109565000021430568,45378
109565000021310420,45375
109565000021717001,45361
109565000021728001,45374
109565000021718005,45373
109565000021726001,45372
109565000021722083,45371
109565000021332343,45369
109565000021713253,45367
109565000021713133,45366
109565000021355170,45207
109565000021564495,45365
109565000017725774,37729
109565000021347436,45364
109565000021527353,45363
109565000021329782,45355
109565000021698003,45351
109565000021527225,45362
109565000021692077,45349
109565000021465877,45359
109565000021640325,45354
109565000021332132,45353
109565000021329643,45352
109565000021697003,45350
109565000021347307,45341
109565000021506513,45348
109565000021590003,45308
109565000021637180,45346
109565000021640194,45337
109565000021485747,45340
109565000021672001,45345
109565000021667001,45344
109565000021344573,45343
109565000021658013,45342
109565000021485070,45279
109565000021409355,45339
109565000021624136,45338
109565000021344408,45330
109565000021424611,45333
109565000021305953,45253
109565000021299778,45264
109565000021430351,45336
109565000021564347,45335
109565000021651162,45334
109565000020515315,44404
109565000021647216,45331
109565000021465694,45329
109565000021647079,45328
109565000021292498,45182
109565000021640043,45327
109565000021485624,45326
109565000021412919,45325
109565000020695343,44839
109565000021527043,45324
109565000021637049,45323
109565000021564163,45321
109565000021506161,45303
109565000020804024,44814
109565000021607079,45312
109565000021421269,45313
109565000021615077,45314
109565000021621001,45318
109565000021506285,45320
109565000021624001,45319
109565000021303506,45317
109565000021620002,45316
109565000021355516,45311
109565000021319635,45310
109565000021592001,45309
109565000021329480,45307
109565000021586005,45306
109565000021490103,45302
109565000021562003,45295
109565000021485449,45301
109565000021494212,45300
109565000021329271,45299
109565000021410891,45298
109565000021563001,45297
109565000021561011,45296
109565000021412788,45294
109565000021485325,45293
109565000021558005,45292
109565000021424478,45291
109565000021555001,45290
109565000021291850,45286
109565000021485199,45283
109565000021344275,45289
109565000021319504,45288
109565000021329132,45287
109565000021175015,45075
109565000020508545,44450
109565000020497708,44451
109565000020674003,44688
109565000020549050,44424
109565000020496271,44333
109565000020457001,44190
109565000021522081,45285
109565000021410763,45284
109565000021508158,45269
109565000021332001,45152
109565000021506032,45282
109565000021430178,45280
109565000021299905,45278
109565000021526001,45277
109565000021355309,45275
109565000021424347,45274
109565000021524079,45273
109565000021523001,45272
109565000021521001,45271
109565000021412612,45270
109565000021511001,45268
109565000021508001,45267
109565000018966394,41093
109565000021488136,45266
109565000021501001,45263
109565000021302884,45265
109565000021465049,45246
109565000021409136,45244
109565000021460003,45242
109565000021412482,45241
109565000021453005,45240
109565000021319383,45251
109565000021484003,45252
109565000021487077,45254
109565000021492003,45256
109565000021493003,45257
109565000021291701,45261
109565000021496001,45260
109565000021488001,45255
109565000020925063,44905
109565000021305829,45250
109565000021465173,45249
109565000021347146,45248
109565000021344144,45247
109565000021298921,45245
109565000021410612,45243
109565000021193444,45100
109565000021330168,45239
109565000021303305,45236
109565000021310257,45238
109565000021291497,45237
109565000021412349,45234
109565000021431001,45235
109565000021397250,45232
109565000021424136,45229
109565000021302640,45233
109565000021396297,45231
109565000021269969,45230
109565000021410412,45228
109565000021410288,45227
109565000021305628,45226
109565000021410162,45225
109565000021299651,45224
109565000021412220,45223
109565000021408027,45222
109565000021396166,45221
109565000021421136,45220
109565000021425001,45219